nome_praia,geometry,Concelho,nome_praia_final
Foz do Minho,"c(-8.86416999999994, 41.8669400000001)",Caminha,Foz do Minho (Caminha)
Moledo (Norte),"c(-8.86619099999996, 41.852895)",Caminha,Moledo Norte (Caminha)
Moledo (Mergulho e Vapor),"c(-8.86631899999998, 41.8499780000001)",Caminha,Moledo - Mergulho e Vapor (Caminha)
Moledo (Sul),"c(-8.86647999999997, 41.8475920000001)",Caminha,Moledo Sul (Caminha)
Vila Praia de Âncora,"c(-8.86611699999997, 41.812219)",Caminha,Vila Praia de Âncora (Caminha)
Forte do Cão - Gelfa,"c(-8.87110999999993, 41.8005600000001)",Caminha,Forte do Cão - Gelfa (Caminha)
Ínsua,"c(-8.87138999999996, 41.78556)",Viana do Castelo,Ínsua (Viana do Castelo)
Afife,"c(-8.87138999999996, 41.78083)",Viana do Castelo,Afife (Viana do Castelo)
Arda/Bico,"c(-8.87416999999994, 41.7702800000001)",Viana do Castelo,Arda/Bico (Viana do Castelo)
Paçô/Carreço,"c(-8.87805999999995, 41.7597200000001)",Viana do Castelo,Paçô/Carreço (Viana do Castelo)
Carreço,"c(-8.87721999999997, 41.7413900000001)",Viana do Castelo,Carreço (Viana do Castelo)
Norte,"c(-8.85027999999994, 41.69611)",Viana do Castelo,Norte (Viana do Castelo)
Cabedelo,"c(-8.83555999999993, 41.6800000000001)",Viana do Castelo,Cabedelo (Viana do Castelo)
Cabedelo/Luziamar,"c(-8.83112599999993, 41.6779520000001)",Viana do Castelo,Cabedelo/Luziamar (Viana do Castelo)
Amorosa-Chafé,"c(-8.82587199999995, 41.647342)",Viana do Castelo,Amorosa-Chafé (Viana do Castelo)
Amorosa-Chafé Sul,"c(-8.82442799999995, 41.643848)",Viana do Castelo,Amorosa-Chafé Sul (Viana do Castelo)
Pedra Alta (Castelo de Neiva),"c(-8.81721999999996, 41.62528)",Viana do Castelo,Pedra Alta - Castelo de Neiva (Viana do Castelo)
Rio de Moinhos,"c(-8.79832999999996, 41.56528)",Esposende,Rio de Moinhos (Esposende)
Cepães,"c(-8.79388999999998, 41.5541700000001)",Esposende,Cepães (Esposende)
Suave Mar (Norte),"c(-8.79189199999996, 41.547465)",Esposende,Suave Mar Norte (Esposende)
Suave Mar (Centro),"c(-8.79236899999995, 41.545534)",Esposende,Suave Mar Centro (Esposende)
Suave Mar (Sul),"c(-8.79259999999994, 41.5424870000001)",Esposende,Suave Mar Sul (Esposende)
Ofir,"c(-8.78777999999994, 41.5172200000001)",Esposende,Ofir (Esposende)
Apúlia Norte,"c(-8.78104199999996, 41.4864920000001)",Esposende,Apúlia Norte (Esposende)
Apúlia (Couve Norte),"c(-8.77795499999996, 41.48341)",Esposende,Apúlia - Couve Norte (Esposende)
Apúlia (Couve Centro),"c(-8.77829199999996, 41.482899)",Esposende,Apúlia - Couve Centro (Esposende)
Apúlia (Couve Sul),"c(-8.77675399999993, 41.482381)",Esposende,Apúlia - Couve Sul (Esposende)
Ramalha,"c(-8.77638999999994, 41.47389)",Esposende,Ramalha (Esposende)
Estela,"c(-8.77971999999994, 41.4430600000001)",Póvoa de Varzim,Estela (Póvoa de Varzim)
Codixeira,"c(-8.78138999999993, 41.4380600000001)",Póvoa de Varzim,Codixeira (Póvoa de Varzim)
Paimó/Aguçadoura,"c(-8.78416999999996, 41.4316700000001)",Póvoa de Varzim,Paimó/Aguçadoura (Póvoa de Varzim)
Santo André,"c(-8.78778499999993, 41.416431)",Póvoa de Varzim,Santo André (Póvoa de Varzim)
Quião,"c(-8.78282099999996, 41.4086790000001)",Póvoa de Varzim,Quião (Póvoa de Varzim)
Esteiro,"c(-8.77858899999995, 41.401189)",Póvoa de Varzim,Esteiro (Póvoa de Varzim)
Fragosa,"c(-8.77943999999997, 41.3975)",Póvoa de Varzim,Fragosa (Póvoa de Varzim)
Fragosinho,"c(-8.77754299999998, 41.394121)",Póvoa de Varzim,Fragosinho (Póvoa de Varzim)
Pontes,"c(-8.77706399999994, 41.393677)",Póvoa de Varzim,Pontes (Póvoa de Varzim)
Lagoa,"c(-8.77672299999995, 41.393199)",Póvoa de Varzim,Lagoa (Póvoa de Varzim)
Hotel,"c(-8.77528199999995, 41.391825)",Póvoa de Varzim,Hotel (Póvoa de Varzim)
Lagoa II,"c(-8.77472799999993, 41.390657)",Póvoa de Varzim,Lagoa II (Póvoa de Varzim)
Lada I,"c(-8.77518999999995, 41.3891370000001)",Póvoa de Varzim,Lada I (Póvoa de Varzim)
Lada II,"c(-8.77494099999996, 41.3883230000001)",Póvoa de Varzim,Lada II (Póvoa de Varzim)
Beijinhos,"c(-8.77508699999993, 41.3878690000001)",Póvoa de Varzim,Beijinhos (Póvoa de Varzim)
Verde,"c(-8.77417699999995, 41.3854920000001)",Póvoa de Varzim,Verde (Póvoa de Varzim)
Azul (Póvoa de Varzim),"c(-8.77229899999998, 41.384596)",Póvoa de Varzim,Azul (Póvoa de Varzim)
Salgueira,"c(-8.77128899999997, 41.3824970000001)",Póvoa de Varzim,Salgueira (Póvoa de Varzim)
Carvalhido,"c(-8.77033699999993, 41.3807810000001)",Póvoa de Varzim,Carvalhido (Póvoa de Varzim)
Redonda,"c(-8.76929599999994, 41.379374)",Póvoa de Varzim,Redonda (Póvoa de Varzim)
Loulé,"c(-8.76907199999994, 41.3786910000001)",Póvoa de Varzim,Loulé (Póvoa de Varzim)
Redonda/Leixão,"c(-8.76880799999998, 41.3780610000001)",Póvoa de Varzim,Redonda/Leixão (Póvoa de Varzim)
Barcos,"c(-8.76032399999997, 41.361698)",Vila do Conde,Barcos (Vila do Conde)
Mar e Sol (Vila do Conde),"c(-8.75955599999998, 41.361365)",Vila do Conde,Mar e Sol (Vila do Conde)
Luzimar,"c(-8.75855099999995, 41.3607660000001)",Vila do Conde,Luzimar (Vila do Conde)
Pôr do Sol,"c(-8.75719099999998, 41.359047)",Vila do Conde,Pôr do Sol (Vila do Conde)
Caxinas,"c(-8.75641799999994, 41.357847)",Vila do Conde,Caxinas (Vila do Conde)
Olinda,"c(-8.75477499999994, 41.3517420000001)",Vila do Conde,Olinda (Vila do Conde)
Turismo,"c(-8.75419999999997, 41.350465)",Vila do Conde,Turismo (Vila do Conde)
Praia Azul (Vila do Conde),"c(-8.75410699999998, 41.34844)",Vila do Conde,Praia Azul (Vila do Conde)
Ladeira,"c(-8.75461899999993, 41.344369)",Vila do Conde,Ladeira (Vila do Conde)
Forno,"c(-8.75318799999997, 41.3423760000001)",Vila do Conde,Forno (Vila do Conde)
N. Sª da Guia,"c(-8.75074299999994, 41.34088)",Vila do Conde,N. Sª da Guia (Vila do Conde)
Árvore,"c(-8.74006999999995, 41.3303100000001)",Vila do Conde,Árvore (Vila do Conde)
Mindelo,"c(-8.74039799999997, 41.3094510000001)",Vila do Conde,Mindelo (Vila do Conde)
Pinhal dos Elétricos,"c(-8.73810599999996, 41.3034700000001)",Vila do Conde,Pinhal dos Elétricos (Vila do Conde)
Laderça,"c(-8.73755199999994, 41.3007720000001)",Vila do Conde,Laderça (Vila do Conde)
Terra Nova,"c(-8.73734499999995, 41.298145)",Vila do Conde,Terra Nova (Vila do Conde)
Congreira,"c(-8.73621799999995, 41.2950680000001)",Vila do Conde,Congreira (Vila do Conde)
Vila Chã,"c(-8.73305399999998, 41.2899090000001)",Vila do Conde,Vila Chã (Vila do Conde)
Pucinho,"c(-8.73242199999993, 41.2883870000001)",Vila do Conde,Pucinho (Vila do Conde)
São Paio/Moreiró,"c(-8.73186699999997, 41.2831800000001)",Vila do Conde,São Paio/Moreiró (Vila do Conde)
Labruge,"c(-8.72860999999995, 41.27444)",Vila do Conde,Labruge (Vila do Conde)
Angeiras Norte,"c(-8.72777999999994, 41.26944)",Matosinhos,Angeiras Norte (Matosinhos)
Central,"c(-8.72860999999995, 41.2652800000001)",Matosinhos,Central (Matosinhos)
Funtão,"c(-8.72499999999997, 41.25944)",Matosinhos,Funtão (Matosinhos)
Pedras Brancas,"c(-8.72471999999993, 41.2533300000001)",Matosinhos,Pedras Brancas (Matosinhos)
Pedras do Corgo,"c(-8.72582999999997, 41.2488900000001)",Matosinhos,Pedras do Corgo (Matosinhos)
Pedras da Agudela,"c(-8.72756199999998, 41.2434930000001)",Matosinhos,Pedras da Agudela (Matosinhos)
Agudela,"c(-8.72754199999997, 41.241094)",Matosinhos,Agudela (Matosinhos)
Quebrada,"c(-8.72610999999995, 41.23972)",Matosinhos,Quebrada (Matosinhos)
Marreco,"c(-8.72360999999995, 41.2350000000001)",Matosinhos,Marreco (Matosinhos)
Memória,"c(-8.72193999999996, 41.23056)",Matosinhos,Memória (Matosinhos)
Cabo do Mundo,"c(-8.71610999999996, 41.22306)",Matosinhos,Cabo do Mundo (Matosinhos)
Azul (Matosinhos),"c(-8.71614999999997, 41.2077800000001)",Matosinhos,Azul (Matosinhos)
Aterro,"c(-8.71666999999997, 41.2061100000001)",Matosinhos,Aterro (Matosinhos)
Boa Nova-Senhora,"c(-8.71377999999993, 41.2017300000001)",Matosinhos,Boa Nova-Senhora (Matosinhos)
Fuzelhas,"c(-8.71004999999997, 41.19604)",Matosinhos,Fuzelhas (Matosinhos)
Leça da Palmeira,"c(-8.70693999999997, 41.1908300000001)",Matosinhos,Leça da Palmeira (Matosinhos)
Matosinhos (Norte),"c(-8.69428899999997, 41.179358)",Matosinhos,Matosinhos Norte (Matosinhos)
Matosinhos (Centro),"c(-8.69202499999994, 41.176855)",Matosinhos,Matosinhos Centro (Matosinhos)
Matosinhos (Sul),"c(-8.69010199999997, 41.1745060000001)",Matosinhos,Matosinhos Sul (Matosinhos)
Castelo do Queijo,"c(-8.69027999999997, 41.16806)",Porto,Castelo do Queijo (Porto)
Homem do Leme,"c(-8.68638999999996, 41.16056)",Porto,Homem do Leme (Porto)
Molhe,"c(-8.68388799999997, 41.1579600000001)",Porto,Molhe (Porto)
Gondarém,"c(-8.68173599999994, 41.156123)",Porto,Gondarém (Porto)
Luz (Porto),"c(-8.67945299999997, 41.1528960000001)",Porto,Luz (Porto)
Ingleses,"c(-8.67833899999994, 41.1518090000001)",Porto,Ingleses (Porto)
Ourigo,"c(-8.67701699999998, 41.149978)",Porto,Ourigo (Porto)
Carneiro,"c(-8.67619099999996, 41.1488190000001)",Porto,Carneiro (Porto)
Pastoras,"c(-8.67547399999995, 41.14727)",Porto,Pastoras (Porto)
Lavadores,"c(-8.66816599999993, 41.128592)",Vila Nova de Gaia,Lavadores (Vila Nova de Gaia)
Pedras Amarelas,"c(-8.66742999999997, 41.1264100000001)",Vila Nova de Gaia,Pedras Amarelas (Vila Nova de Gaia)
Estrela-do-Mar,"c(-8.66749999999996, 41.1225660000001)",Vila Nova de Gaia,Estrela-do-Mar (Vila Nova de Gaia)
Salgueiros,"c(-8.66526299999998, 41.1200150000001)",Vila Nova de Gaia,Salgueiros (Vila Nova de Gaia)
Sereia da Costa Verde,"c(-8.66453399999995, 41.1172110000001)",Vila Nova de Gaia,Sereia da Costa Verde (Vila Nova de Gaia)
Canide Norte,"c(-8.66470399999997, 41.115279)",Vila Nova de Gaia,Canide Norte (Vila Nova de Gaia)
Canide Sul,"c(-8.66360999999995, 41.1119400000001)",Vila Nova de Gaia,Canide Sul (Vila Nova de Gaia)
Marbelo,"c(-8.66269099999994, 41.106048)",Vila Nova de Gaia,Marbelo (Vila Nova de Gaia)
Madalena Norte,"c(-8.66221999999993, 41.10306)",Vila Nova de Gaia,Madalena Norte (Vila Nova de Gaia)
Madalena Sul,"c(-8.66082999999998, 41.09972)",Vila Nova de Gaia,Madalena Sul (Vila Nova de Gaia)
Valadares Norte,"c(-8.65805999999998, 41.0919400000001)",Vila Nova de Gaia,Valadares Norte (Vila Nova de Gaia)
Sindicato,"c(-8.65747899999997, 41.089138)",Vila Nova de Gaia,Sindicato (Vila Nova de Gaia)
Atlântico,"c(-8.65763499999997, 41.0853240000001)",Vila Nova de Gaia,Atlântico (Vila Nova de Gaia)
Dunas Mar,"c(-8.65693999999996, 41.0825)",Vila Nova de Gaia,Dunas Mar (Vila Nova de Gaia)
Francelos,"c(-8.65721999999994, 41.08)",Vila Nova de Gaia,Francelos (Vila Nova de Gaia)
Francemar,"c(-8.65749999999997, 41.0755600000001)",Vila Nova de Gaia,Francemar (Vila Nova de Gaia)
Sãozinha,"c(-8.65832999999998, 41.0725)",Vila Nova de Gaia,Sãozinha (Vila Nova de Gaia)
Senhor da Pedra,"c(-8.65860999999995, 41.06917)",Vila Nova de Gaia,Senhor da Pedra (Vila Nova de Gaia)
Miramar Norte,"c(-8.65768099999997, 41.0676560000001)",Vila Nova de Gaia,Miramar Norte (Vila Nova de Gaia)
Miramar Sul,"c(-8.65729299999998, 41.0661860000001)",Vila Nova de Gaia,Miramar Sul (Vila Nova de Gaia)
Mar e Sol (Vila Nova de Gaia),"c(-8.65693999999996, 41.0583300000001)",Vila Nova de Gaia,Mar e Sol (Vila Nova de Gaia)
Aguda,"c(-8.65582999999998, 41.0508300000001)",Vila Nova de Gaia,Aguda (Vila Nova de Gaia)
Granja,"c(-8.65027999999995, 41.0400000000001)",Vila Nova de Gaia,Granja (Vila Nova de Gaia)
Boca Mar,"c(-8.64638999999994, 41.03056)",Vila Nova de Gaia,Boca Mar (Vila Nova de Gaia)
"Frente Azul Norte (Marbelo, Pop Norte e Pop Sul)","c(-8.64496999999994, 41.0142030000001)",Espinho,"Frente Azul Norte - Marbelo, Pop Norte e Pop Sul (Espinho)"
Frente Azul Centro (Azul Norte e Azul Sul),"c(-8.64541299999996, 41.0126090000001)",Espinho,Frente Azul Centro - Azul Norte e Azul Sul (Espinho)
Frente Azul Sul (Seca e Costa Verde),"c(-8.64577799999995, 41.010747)",Espinho,Frente Azul Sul - Seca e Costa Verde (Espinho)
Baía,"c(-8.64693999999997, 41.0088900000001)",Espinho,Baía (Espinho)
Rua 37,"c(-8.64749999999998, 41.0013900000001)",Espinho,Rua 37 (Espinho)
Silvalde,"c(-8.64749999999998, 40.99028)",Espinho,Silvalde (Espinho)
Paramos,"c(-8.64971999999995, 40.97722)",Espinho,Paramos (Espinho)
Esmoriz,"c(-8.65692599999994, 40.9536350000001)",Ovar,Esmoriz (Ovar)
Cortegaça,"c(-8.65955599999995, 40.9404730000001)",Ovar,Cortegaça (Ovar)
Cortegaça - Parque Campismo,"c(-8.65918399999993, 40.9393450000001)",Ovar,Cortegaça - Parque Campismo (Ovar)
São Pedro de Maceda,"c(-8.66328999999996, 40.92042)",Ovar,São Pedro de Maceda (Ovar)
Furadouro,"c(-8.67755299999993, 40.873706)",Ovar,Furadouro (Ovar)
Torrão do Lameiro,"c(-8.69166999999993, 40.8288900000001)",Ovar,Torrão do Lameiro (Ovar)
Torreira,"c(-8.71429399999994, 40.76149)",Murtosa,Torreira (Murtosa)
São Jacinto,"c(-8.74632299999996, 40.6695480000001)",Aveiro,São Jacinto (Aveiro)
Meia Laranja,"c(-8.74857099999997, 40.642684)",Ílhavo,Meia Laranja (Ílhavo)
Barra Norte (UB1-4),"c(-8.74997399999995, 40.638273)",Ílhavo,Barra Norte - UB1-4 (Ílhavo)
Barra Centro (UB5-8),"c(-8.74949799999996, 40.6336150000001)",Ílhavo,Barra Centro - UB5-8 (Ílhavo)
Barra Sul (UB9-13),"c(-8.74984899999993, 40.6311640000001)",Ílhavo,Barra Sul - UB9-13 (Ílhavo)
Costa Nova,"c(-8.75411499999996, 40.617485)",Ílhavo,Costa Nova (Ílhavo)
Costa Nova Sul,"c(-8.75447399999996, 40.6144650000001)",Ílhavo,Costa Nova Sul (Ílhavo)
Vagueira Norte,"c(-8.76960899999995, 40.5649260000001)",Vagos,Vagueira Norte (Vagos)
Vagueira,"c(-8.77041499999996, 40.561449)",Vagos,Vagueira (Vagos)
Vagueira Sul,"c(-8.77124599999996, 40.558728)",Vagos,Vagueira Sul (Vagos)
Labrego,"c(-8.77458399999995, 40.5518710000001)",Vagos,Labrego (Vagos)
Areão,"c(-8.78351899999996, 40.5210430000001)",Vagos,Areão (Vagos)
Poço da Cruz,"c(-8.79393099999993, 40.490232)",Mira,Poço da Cruz (Mira)
Mira Norte (UB1-6),"c(-8.80409399999996, 40.4556690000001)",Mira,Mira Norte - UB1-6 (Mira)
Mira Centro (UB7-10),"c(-8.80574999999993, 40.451919)",Mira,Mira Centro - UB7-10 (Mira)
Mira Sul,"c(-8.80727199999995, 40.447592)",Mira,Mira Sul (Mira)
Palheirão,"c(-8.82635199999993, 40.388024)",Cantanhede,Palheirão (Cantanhede)
Tocha,"c(-8.84553099999994, 40.3293380000001)",Cantanhede,Tocha (Cantanhede)
Quiaios,"c(-8.89434699999993, 40.2167860000001)",Figueira da Foz,Quiaios (Figueira da Foz)
Murtinheira,"c(-8.89762899999994, 40.2098570000001)",Figueira da Foz,Murtinheira (Figueira da Foz)
Cabo Mondego,"c(-8.89673499999998, 40.1750930000001)",Figueira da Foz,Cabo Mondego (Figueira da Foz)
Tamargueira,"c(-8.88678799999997, 40.16736)",Figueira da Foz,Tamargueira (Figueira da Foz)
Buarcos,"c(-8.87890199999993, 40.1633590000001)",Figueira da Foz,Buarcos (Figueira da Foz)
Alto do Viso,"c(-8.87328299999996, 40.154457)",Figueira da Foz,Alto do Viso (Figueira da Foz)
Relógio,"c(-8.87341099999998, 40.1508150000001)",Figueira da Foz,Relógio (Figueira da Foz)
Molhe Norte,"c(-8.87344099999996, 40.1492930000001)",Figueira da Foz,Molhe Norte (Figueira da Foz)
Praia do Forte (Farol),"c(-8.86781999999994, 40.14678)",Figueira da Foz,Praia do Forte - Farol (Figueira da Foz)
Cabedelinho,"c(-8.86646799999994, 40.1437490000001)",Figueira da Foz,Cabedelinho (Figueira da Foz)
Cabedelo Norte (UB4-6),"c(-8.86275499999994, 40.138408)",Figueira da Foz,Cabedelo Norte - UB4-6 (Figueira da Foz)
Cabedelo Sul (UB10-12),"c(-8.86271899999997, 40.1342240000001)",Figueira da Foz,Cabedelo Sul - UB10-12 (Figueira da Foz)
Cova-Gala,"c(-8.86424099999994, 40.1253)",Figueira da Foz,Cova-Gala (Figueira da Foz)
Costa de Lavos,"c(-8.87609999999995, 40.091306)",Figueira da Foz,Costa de Lavos (Figueira da Foz)
Leirosa,"c(-8.89087699999993, 40.0576100000001)",Figueira da Foz,Leirosa (Figueira da Foz)
Osso da Baleia,"c(-8.91487199999995, 40.003408)",Pombal,Osso da Baleia (Pombal)
Pedrógão Centro Norte (UB1-5),"c(-8.95030999999994, 39.92546)",Leiria,Pedrógão Centro Norte - UB1-5 (Leiria)
Pedrógão Centro Centro (UB6-12),"c(-8.95238099999995, 39.9211930000001)",Leiria,Pedrógão Centro Centro - UB6-12 (Leiria)
Pedrógão Sul,"c(-8.95511899999997, 39.9180230000001)",Leiria,Pedrógão Sul (Leiria)
Vieira,"c(-8.97358399999996, 39.87368)",Marinha Grande,Vieira (Marinha Grande)
Pedras Negras,"c(-9.02305199999995, 39.7802060000001)",Marinha Grande,Pedras Negras (Marinha Grande)
Praia Velha,"c(-9.02823299999994, 39.771533)",Marinha Grande,Praia Velha (Marinha Grande)
S. Pedro de Moel,"c(-9.03245299999998, 39.7557390000001)",Marinha Grande,S. Pedro de Moel (Marinha Grande)
Água de Madeiros,"c(-9.04043299999995, 39.7401170000001)",Alcobaça,Água de Madeiros (Alcobaça)
Pedra do Ouro,"c(-9.04716699999994, 39.725967)",Alcobaça,Pedra do Ouro (Alcobaça)
Polvoeira,"c(-9.04989999999998, 39.716283)",Alcobaça,Polvoeira (Alcobaça)
Paredes de Vitória Norte,"c(-9.05018599999994, 39.7030040000001)",Alcobaça,Paredes de Vitória Norte (Alcobaça)
Paredes de Vitória Sul,"c(-9.05053999999996, 39.7008900000001)",Alcobaça,Paredes de Vitória Sul (Alcobaça)
Corvo/Areia,"c(-31.12188, 39.6726200000001)",Alcobaça ,Areia (Corvo)
Légua,"c(-9.06983299999996, 39.6535670000001)",Alcobaça,Légua (Alcobaça)
Nazaré Norte,"c(-9.07431699999995, 39.6007740000001)",Alcobaça,Nazaré Norte (Alcobaça)
Nazaré Sul,"c(-9.07372199999998, 39.5948730000001)",Alcobaça,Nazaré Sul (Alcobaça)
Salgado,"c(-9.11191699999995, 39.5480830000001)",Alcobaça,Salgado (Alcobaça)
S. Martinho do Porto Norte,"c(-9.13549999999998, 39.510117)",Alcobaça,S. Martinho do Porto Norte (Alcobaça)
S. Martinho do Porto Sul,"c(-9.14178499999997, 39.5026080000001)",Alcobaça,S. Martinho do Porto Sul (Alcobaça)
Fajã Grande,"c(-31.26206, 39.45941)",Santa Cruz das Flores,Fajã Grande (Santa Cruz das Flores)
Santa Cruz das Flores,"c(-31.12582, 39.45856)",Santa Cruz das Flores,Santa Cruz das Flores (Santa Cruz das Flores)
Praia do Mar,"c(-9.22940999999997, 39.434914)",Caldas da Rainha,Praia do Mar (Caldas da Rainha)
Foz do Arelho-Lagoa,"c(-9.22349999999994, 39.42855)",Caldas da Rainha,Foz do Arelho-Lagoa (Caldas da Rainha)
Bom Sucesso,"c(-9.23518299999995, 39.4253670000001)",Óbidos,Bom Sucesso (Óbidos)
Rei do Cortiço,"c(-9.24704999999994, 39.4207000000001)",Óbidos,Rei do Cortiço (Óbidos)
Vale de Janelas,"c(-9.27761699999996, 39.40045)",Óbidos,Vale de Janelas (Óbidos)
Baleal Norte,"c(-9.33713299999994, 39.3738000000001)",Peniche,Baleal Norte (Peniche)
Baleal Sul,"c(-9.33901699999996, 39.3714000000001)",Peniche,Baleal Sul (Peniche)
Baleal Campismo,"c(-9.34012399999995, 39.3675210000001)",Peniche,Baleal Campismo (Peniche)
Gambôa,"c(-9.37246699999997, 39.36465)",Peniche,Gambôa (Peniche)
Peniche de Cima,"c(-9.36834999999996, 39.362283)",Peniche,Peniche de Cima (Peniche)
Cova da Alfarroba,"c(-9.36263299999996, 39.3609900000001)",Peniche,Cova da Alfarroba (Peniche)
Porto da Areia Sul,"c(-9.38878299999993, 39.3535000000001)",Peniche,Porto da Areia Sul (Peniche)
Molhe Leste,"c(-9.36800399999993, 39.3500080000001)",Peniche,Molhe Leste (Peniche)
Medão-Supertubos,"c(-9.36440499999998, 39.345355)",Peniche,Medão-Supertubos (Peniche)
Consolação Norte,"c(-9.35946699999994, 39.3293360000001)",Peniche,Consolação Norte (Peniche)
Consolação,"c(-9.35976999999997, 39.326958)",Peniche,Consolação (Peniche)
S. Bernardino,"c(-9.34689699999996, 39.311252)",Peniche,S. Bernardino (Peniche)
Areia Branca,"c(-9.33681199999995, 39.263809)",Lourinhã,Areia Branca (Lourinhã)
Areia Branca (Foz),"c(-9.33682599999997, 39.2638010000001)",Lourinhã,Areia Branca - Foz (Lourinhã)
Areal Sul,"c(-9.33849199999997, 39.259306)",Lourinhã,Areal Sul (Lourinhã)
Peralta,"c(-9.34199299999995, 39.245615)",Lourinhã,Peralta (Lourinhã)
Porto Dinheiro,"c(-9.34479499999998, 39.2141320000001)",Torres Vedras,Porto Dinheiro (Torres Vedras)
Valmitão,"c(-9.34751899999998, 39.2013900000001)",Torres Vedras,Valmitão (Torres Vedras)
Porto Novo,"c(-9.35684799999996, 39.1778340000001)",Torres Vedras,Porto Novo (Torres Vedras)
Santa Rita-Norte,"c(-9.35855699999996, 39.174491)",Torres Vedras,Santa Rita-Norte (Torres Vedras)
Santa Rita-Sul,"c(-9.36010899999997, 39.1714480000001)",Torres Vedras,Santa Rita-Sul (Torres Vedras)
Amanhã-Santa Cruz,"c(-9.37337399999996, 39.149079)",Torres Vedras,Amanhã-Santa Cruz (Torres Vedras)
Navio,"c(-9.37539699999996, 39.1458650000001)",Torres Vedras,Navio (Torres Vedras)
Mirante-Santa Cruz,"c(-9.37730899999997, 39.142902)",Torres Vedras,Mirante-Santa Cruz (Torres Vedras)
Pisão-Santa Cruz,"c(-9.37963999999994, 39.1407060000001)",Torres Vedras,Pisão-Santa Cruz (Torres Vedras)
Física-Santa Cruz,"c(-9.38084399999997, 39.139308)",Torres Vedras,Física-Santa Cruz (Torres Vedras)
Centro-Santa Cruz,"c(-9.38242599999995, 39.137862)",Torres Vedras,Centro-Santa Cruz (Torres Vedras)
Santa Helena,"c(-9.38439899999997, 39.1343160000001)",Torres Vedras,Santa Helena (Torres Vedras)
Guincho-Santa Cruz,"c(-9.38439799999998, 39.1343120000001)",Torres Vedras,Guincho-Santa Cruz (Torres Vedras)
Formosa,"c(-9.38569399999994, 39.1317750000001)",Torres Vedras,Formosa (Torres Vedras)
Azul (Torres Vedras),"c(-9.39378999999997, 39.11436)",Torres Vedras,Azul (Torres Vedras)
Foz do Sizandro-Mar,"c(-9.40124999999995, 39.1037000000001)",Torres Vedras,Foz do Sizandro-Mar (Torres Vedras)
Zona Balnear Santa Cruz (Calheta),"c(-28.0085599999999, 39.08775)",Santa Cruz da Graciosa,Zona Balnear Santa Cruz - Calheta (Santa Cruz da Graciosa)
Barro Vermelho,"c(-27.9709399999999, 39.05112)",Santa Cruz da Graciosa,Barro Vermelho (Santa Cruz da Graciosa)
Praia,"c(-27.9709349999999, 39.051119)",Santa Cruz da Graciosa,Praia (Santa Cruz da Graciosa)
Porto da Calada,"c(-9.41899799999993, 39.0327350000001)",Mafra,Porto da Calada - Ericeira (Mafra)
Piscina do Carapacho,"c(-27.9591, 39.0125600000001)",Mafra,Piscina do Carapacho (Santa Cruz da Graciosa)
S. Lourenço,"c(-9.42201799999998, 39.012073)",Mafra,São Lourenço - Ericeira (Mafra)
Coxos,"c(-9.42584299999993, 39.0044150000001)",Mafra,Coxos - Ericeira (Mafra)
Ribeira de Ilhas,"c(-9.41961899999995, 38.987464)",Mafra,Ribeira de Ilhas - Ericeira (Mafra)
Algodio ou do Norte,"c(-9.42026599999997, 38.967)",Mafra,Algodio ou do Norte - Ericeira (Mafra)
Ribeira ou dos Pescadores,"c(-9.41889399999997, 38.964075)",Mafra,Ribeira ou dos Pescadores - Ericeira (Mafra)
Baleia ou do Sul,"c(-9.41615799999994, 38.9561550000001)",Mafra,Baleia ou do Sul - Ericeira (Mafra)
Foz do Lizandro-Mar,"c(-9.41645599999993, 38.9424010000001)",Torres Vedras,Foz do Lizandro - Ericeira (Torres Vedras)
S. Julião,"c(-9.42015899999996, 38.932131)",Sintra,S. Julião (Sintra)
Magoito,"c(-9.44956699999994, 38.8636080000001)",Sintra,Magoito (Sintra)
Azenhas do Mar,"c(-9.46327999999994, 38.8404200000001)",Sintra,Azenhas do Mar (Sintra)
Maçãs,"c(-9.47049699999997, 38.8257620000001)",Sintra,Maçãs (Sintra)
Grande Norte,"c(-9.47724299999993, 38.8145880000001)",Sintra,Grande Norte (Sintra)
Grande Sul,"c(-9.47964999999994, 38.811582)",Sintra,Grande Sul (Sintra)
Adraga,"c(-9.48569099999997, 38.803522)",Sintra,Adraga (Sintra)
Biscoitos,"c(-27.25742, 38.8032600000001)",Praia da Vitória,Biscoitos (Praia da Vitória)
Calheta dos Lagadores,"c(-27.24596, 38.7997500000001)",Praia da Vitória,Calheta dos Lagadores (Praia da Vitória)
Quatro Ribeiras,"c(-27.2256199999999, 38.7926600000001)",Praia da Vitória,Quatro Ribeiras (Praia da Vitória)
Escaleiras,"c(-27.13564, 38.78729)",Praia da Vitória,Escaleiras (Praia da Vitória)
Prainha (Praia da Vitória),"c(-27.05524, 38.7309300000001)",Praia da Vitória,Prainha (Praia da Vitória)
Guincho,"c(-9.47490199999993, 38.7306740000001)",Cascais,Guincho (Cascais)
Praia Grande,"c(-27.06013, 38.7295800000001)",Cascais,Praia Grande - Terceira (Praia da Vitória)
Crismina,"c(-9.47698699999995, 38.7262950000001)",Cascais,Cresmina (Cascais)
Sargentos,"c(-27.0616199999999, 38.72594)",Cascais,Sargentos (Praia da Vitória)
Praia da Riviera,"c(-27.0605699999999, 38.7148300000001)",Cascais,Praia da Riviera (Praia da Vitória)
Tamariz,"c(-9.39883299999997, 38.7022890000001)",Cascais,Tamariz - Estoril (Cascais)
Poça,"c(-9.39204299999994, 38.7019320000001)",Cascais,Poça - Estoril (Cascais)
Moitas,"c(-9.41000399999996, 38.7016610000001)",Cascais,Moitas - Estoril (Cascais)
Duquesa,"c(-9.41444899999993, 38.700766)",Cascais,Duquesa (Cascais)
Azarujinha,"c(-9.38940799999995, 38.700632)",Cascais,Azarujinha - Estoril (Cascais)
Conceição,"c(-9.41636399999993, 38.700048)",Cascais,Conceição (Cascais)
Rainha (Cascais),"c(-9.41793699999994, 38.6991320000001)",Cascais,Rainha (Cascais)
Caxias,"c(-9.27382899999998, 38.69802)",Cascais,Caxias (Cascais)
S. Pedro do Estoril,"c(-9.36900399999996, 38.6931700000001)",Cascais,S. Pedro do Estoril (Cascais)
Paço d'Arcos,"c(-9.29708299999993, 38.689984)",Cascais,Paço d'Arcos - Oeiras (Cascais)
Avencas,"c(-9.35992599999997, 38.6877460000001)",Cascais,Avencas (Cascais)
Parede,"c(-9.35362099999998, 38.6855200000001)",Cascais,Parede (Cascais)
Santo Amaro,"c(-9.31194899999997, 38.6843260000001)",Cascais,Santo Amaro - Oeiras (Cascais)
Preguiça-Velas,"c(-28.21327, 38.68046)",Cascais,Preguiça - Velas (Velas)
Porto Martins,"c(-27.05542, 38.6803600000001)",Cascais,Porto Martins (Velas)
Carcavelos Nascente,"c(-9.33726099999996, 38.6802450000001)",Cascais,Carcavelos Nascente (Cascais)
Carcavelos Poente,"c(-9.33213199999994, 38.678206)",Cascais,Carcavelos Poente (Cascais)
Poça dos Frades,"c(-28.2081899999999, 38.67794)",Velas,Poça dos Frades (Velas)
Torre,"c(-9.32299799999993, 38.6754940000001)",Angra do Heroísmo,Torre - Oeiras (Cascais)
Cinco Ribeiras,"c(-27.3280599999999, 38.67472)",Angra do Heroísmo,Cinco Ribeiras (Angra do Heroísmo)
Salgueiros,"c(-27.0750399999999, 38.6711)",Angra do Heroísmo,Salgueiros (Angra do Heroísmo)
Cova do Vapor,"c(-9.25973699999997, 38.662002)",Almada,Cova do Vapor (Almada)
Praia S. João da Caparica,"c(-9.25483899999995, 38.659045)",Almada,Praia S. João da Caparica (Almada)
Negrito,"c(-27.2818, 38.65583)",Angra do Heroísmo,Negrito (Angra do Heroísmo)
Prainha (Angra do Heroísmo),"c(-27.2200599999999, 38.6535700000001)",Angra do Heroísmo,Prainha (Angra do Heroísmo)
Praia do Norte,"c(-9.24562899999995, 38.649979)",Almada,Praia do Norte (Almada)
Salga,"c(-27.0975999999999, 38.64833)",Angra do Heroísmo,Salga (Angra do Heroísmo)
St. António,"c(-9.24374099999994, 38.647408)",Almada,St. António (Almada)
Baía do Refugo,"c(-27.1128199999999, 38.6466500000001)",Angra do Heroísmo,Baía do Refugo (Angra do Heroísmo)
CDS,"c(-9.24175199999996, 38.6447670000001)",Almada,CDS (Almada)
Tarquinio-Paraíso,"c(-9.23894899999993, 38.6417490000001)",Almada,Tarquinio-Paraíso (Almada)
Dragão Vermelho,"c(-9.23765199999997, 38.639578)",Almada,Dragão Vermelho (Almada)
Praia Nova,"c(-9.23529899999994, 38.6373780000001)",Almada,Praia Nova (Almada)
Nova Praia,"c(-9.23206299999993, 38.633521)",Almada,Nova Praia (Almada)
Saúde,"c(-9.22903699999995, 38.6289770000001)",Almada,Saúde (Almada)
Mata,"c(-9.22447299999993, 38.6231100000001)",Almada,Mata (Almada)
Riviera,"c(-9.22171499999996, 38.6187160000001)",Almada,Riviera (Almada)
Rainha (Almada),"c(-9.21939299999997, 38.615554)",Almada,Rainha (Almada)
Castelo (Almada),"c(-9.21721399999996, 38.612921)",Almada,Castelo (Almada)
Fajã,"c(-28.7560099999999, 38.6102000000001)",Horta,Fajã (Horta)
Cabana do Pescador,"c(-9.21505599999995, 38.608823)",Almada,Cabana do Pescador (Almada)
Portinhos-Fajã Grande,"c(-28.03462, 38.6067400000001)",Calheta,Portinhos-Fajã Grande (Calheta)
Rei,"c(-9.21335899999997, 38.606073)",Almada,Rei (Almada)
Morena,"c(-9.21200799999997, 38.6029970000001)",Almada,Morena (Almada)
Sereia,"c(-9.21094899999997, 38.601365)",Almada,Sereia (Almada)
Infante,"c(-9.21042499999993, 38.5996930000001)",Almada,Infante (Almada)
Nova Vaga,"c(-9.20936499999993, 38.5977330000001)",Almada,Nova Vaga (Almada)
Bela Vista,"c(-9.20835399999993, 38.5958230000001)",Almada,Bela Vista (Almada)
Fonte da Telha Norte,"c(-9.20004499999993, 38.579081)",Almada,Fonte da Telha Norte (Almada)
Fonte da Telha Centro,"c(-9.19581899999997, 38.571829)",Almada,Fonte da Telha Centro (Almada)
Varadouro,"c(-28.77529, 38.5642700000001)",Horta,Varadouro (Horta)
Fonte da Telha Sul,"c(-9.19210699999996, 38.562977)",Almada,Fonte da Telha Sul (Almada)
Arcos,"c(-28.40876, 38.56032)",São Roque do Pico,Arcos (São Roque do Pico)
Cais Mourato,"c(-28.4814299999999, 38.55868)",Madalena,Cais Mourato (Madalena)
Almoxarife,"c(-28.609752, 38.555638)",Horta,Almoxarife (Horta)
Barca,"c(-28.52084, 38.5434500000001)",Madalena,Barca (Madalena)
Conceição,"c(-28.6190599999999, 38.5428600000001)",Horta,Conceição (Horta)
Furna de Santo António,"c(-28.33561, 38.53558)",São Roque do Pico,Furna de Santo António (São Roque do Pico)
Madalena,"c(-28.5344899999999, 38.5340100000001)",Madalena,Madalena (Madalena)
Porto Pim,"c(-28.6258799999999, 38.52455)",Horta,Porto Pim (Horta)
Piscina do Cais,"c(-28.31659, 38.52455)",São Roque do Pico,Piscina do Cais (São Roque do Pico)
Poças de São Roque,"c(-28.30497, 38.51935)",São Roque do Pico,Poças de São Roque (São Roque do Pico)
Castelo Branco,"c(-28.7261099999999, 38.5184)",Horta,Castelo Branco (Horta)
Albarquel,"c(-8.91452899999996, 38.5112300000001)",Setúbal,Albarquel (Setúbal)
Lagoa de Albufeira,"c(-9.17669599999994, 38.508967)",Sesimbra,Lagoa de Albufeira (Sesimbra)
Lagoa de Albufeira-Mar,"c(-9.18337099999997, 38.506473)",Sesimbra,Lagoa de Albufeira-Mar (Sesimbra)
Criação Velha,"c(-28.54133, 38.50501)",Madalena,Criação Velha (Madalena)
Pocinho,"c(-28.5396299999999, 38.4956)",Madalena,Pocinho (Madalena)
Tróia - Mar,"c(-8.90654099999995, 38.49193)",Grândola,Tróia - Mar (Grândola)
Moinho de Baixo-Meco,"c(-9.18458299999998, 38.489692)",Sesimbra,Moinho de Baixo-Meco (Sesimbra)
Figueirinha,"c(-8.94518999999997, 38.484787)",Madalena,Figueirinha (Madalena)
Tróia - Galé,"c(-8.90402299999994, 38.484632)",Grândola,Tróia - Galé (Grândola)
Galapos,"c(-8.96464099999997, 38.4846230000001)",Setúbal,Galapos (Setúbal)
Galapinhos,"c(-8.96884699999993, 38.48377)",Setúbal,Galapinhos (Setúbal)
Tróia - Bico das Lulas,"c(-8.89827199999996, 38.4810160000001)",Grândola,Tróia - Bico das Lulas (Grândola)
Portinho da Arrábida,"c(-8.97763799999996, 38.4806540000001)",Setúbal,Portinho da Arrábida (Setúbal)
Poça Branca,"c(-28.20528, 38.4777800000001)",São Roque do Pico,Poça Branca (São Roque do Pico)
Bicas,"c(-9.19353099999995, 38.463601)",Sesimbra,Bicas (Sesimbra)
Camarinhas,"c(-8.87901299999993, 38.463108)",Grândola,Camarinhas (Grândola)
Caisinho,"c(-28.15156, 38.4567000000001)",São Roque do Pico,Caisinho (São Roque do Pico)
Atlântica,"c(-8.86237299999993, 38.4524520000001)",Grândola,Atlântica (Grândola)
Ouro,"c(-9.10664999999995, 38.4430760000001)",Sesimbra,Ouro (Sesimbra)
Califórnia,"c(-9.09905899999995, 38.4423780000001)",Sesimbra,Califórnia (Sesimbra)
Calhau,"c(-28.05558, 38.4389840000001)",Lajes do Pico,Calhau (Lajes do Pico)
São Mateus,"c(-28.46104, 38.43078)",Madalena,São Mateus (Madalena)
Baixas,"c(-28.3851299999999, 38.4185400000001)",Madalena,Baixas (Madalena)
Verdoso,"c(-28.339961, 38.413552)",Lajes do Pico,Verdoso (Lajes do Pico)
Fonte,"c(-28.289373, 38.41225)",Lajes do Pico,Fonte (Lajes do Pico)
Manhenha,"c(-28.036597, 38.4108360000001)",Lajes do Pico,Manhenha (Lajes do Pico)
Pontes,"c(-28.15955, 38.4073300000001)",Lajes do Pico,Pontes (Lajes do Pico)
Santa Cruz das Ribeiras,"c(-28.1869389999999, 38.4043510000001)",Lajes do Pico,Santa Cruz das Ribeiras (Lajes do Pico)
Poça das Mujas,"c(-28.08311, 38.39962)",Lajes do Pico,Poça das Mujas (Lajes do Pico)
Clube Naval Das Lajes,"c(-28.253598, 38.3983020000001)",Lajes do Pico,Clube Naval Das Lajes (Lajes do Pico)
Lajes (Maré),"c(-28.25182, 38.3909400000001)",Lajes do Pico,Lajes - Maré (Lajes do Pico)
Comporta,"c(-8.80259799999993, 38.381442)",Grândola,Comporta (Grândola)
Carvalhal,"c(-8.77850699999993, 38.3058040000001)",Grândola,Carvalhal (Grândola)
Pego,"c(-8.77750599999996, 38.292578)",Grândola,Pego (Grândola)
Galé - Fontaínhas,"c(-8.77648699999997, 38.204233)",Grândola,Galé - Fontaínhas (Grândola)
Aberta Nova,"c(-8.78051699999997, 38.177447)",Grândola,Aberta Nova (Grândola)
Melides,"c(-8.79173099999997, 38.1289550000001)",Grândola,Melides (Grândola)
Costa de Santo André,"c(-8.79645499999998, 38.11407)",Santiago do Cacém,Costa de Santo André (Santiago do Cacém)
Fonte do Cortiço,"c(-8.82056599999993, 38.0552910000001)",Santiago do Cacém,Fonte do Cortiço (Santiago do Cacém)
Vasco da Gama,"c(-8.86491199999995, 37.9533640000001)",Sines,Vasco da Gama (Sines)
São Torpes,"c(-8.80645799999996, 37.925464)",Sines,São Torpes (Sines)
Morgavel,"c(-8.79850299999993, 37.907431)",Sines,Morgavel (Sines)
Poças Sul dos Mosteiros,"c(-25.82262, 37.8984300000001)",Ponta Delgada,Poças Sul dos Mosteiros (Ponta Delgada)
Vieirinha - Vale de Figueiros,"c(-8.79673399999996, 37.895564)",Sines,Vieirinha - Vale de Figueiros (Sines)
Praia dos Mosteiros,"c(-25.8242299999999, 37.88777)",Ponta Delgada,Praia dos Mosteiros (Ponta Delgada)
Ponta da Ferraria,"c(-25.8522599999999, 37.8583800000001)",Ponta Delgada,Ponta da Ferraria (Ponta Delgada)
Grande de Porto Covo,"c(-8.79343999999998, 37.8558190000001)",Sines,Grande de Porto Covo (Sines)
Poços de São Vicente Ferreira/Capelas,"c(-25.6693799999999, 37.8346700000001)",Ponta Delgada,Poços de São Vicente Ferreira/Capelas (Ponta Delgada)
Ilha do Pessegueiro,"c(-8.79093799999993, 37.8290260000001)",Sines,Ilha do Pessegueiro (Sines)
Poças da Ribeira Grande,"c(-25.522421, 37.826873)",Ribeira Grande,Poças da Ribeira Grande (Ribeira Grande)
Calhetas,"c(-25.60632, 37.82435)",Ribeira Grande,Calhetas (Ribeira Grande)
Praia dos Moinhos,"c(-25.44578, 37.82397)",Ribeira Grande,Praia dos Moinhos (Ribeira Grande)
Areal de Santa Bárbara,"c(-25.54831, 37.81726)",Ribeira Grande,Areal de Santa Bárbara (Ribeira Grande)
Malhão Norte,"c(-8.80133299999994, 37.7838640000001)",Odemira,Malhão Norte (Odemira)
Malhão Sul,"c(-8.80177799999996, 37.7802500000001)",Odemira,Malhão Sul (Odemira)
Milícias,"c(-25.6252699999999, 37.75064)",Ponta Delgada,Milícias (Ponta Delgada)
Pópulo,"c(-25.6181799999999, 37.75012)",Ponta Delgada,Pópulo (Ponta Delgada)
Ribeira dos Pelames,"c(-25.24925, 37.74692)",Povoação,Ribeira dos Pelames (Povoação)
Morro,"c(-25.242691, 37.7459050000001)",Povoação,Morro (Povoação)
Forno da Cal,"c(-25.6400399999999, 37.74456)",Ponta Delgada,Forno da Cal (Ponta Delgada)
Piscinas Naturais da Lagoa,"c(-25.57408, 37.7416900000001)",Lagoa,Piscinas Naturais da Lagoa (Lagoa)
Piscina Natural das Portas do Mar,"c(-25.6611399999999, 37.73963)",Ponta Delgada,Piscina Natural das Portas do Mar (Ponta Delgada)
Portinho do Faial Da Terra,"c(-25.19649, 37.7392800000001)",Povoação,Portinho do Faial Da Terra (Povoação)
Praia do Fogo (Ribeira Quente),"c(-25.3103199999999, 37.7304600000001)",Povoação,Praia do Fogo - Ribeira Quente (Povoação)
Farol,"c(-8.78878999999995, 37.7202740000001)",Odemira,Farol (Odemira)
Prainha de Água d'Alto,"c(-25.48164, 37.71824)",Vila Franca do Campo,Prainha de Água d'Alto (Vila Franca do Campo)
Baixa da Areia,"c(-25.518831, 37.7172170000001)",Lagoa,Baixa da Areia (Lagoa)
Vinha da Areia,"c(-25.4260899999999, 37.7167900000001)",Vila Franca do Campo,Vinha da Areia (Vila Franca do Campo)
Água D'alto,"c(-25.47353, 37.71662)",Vila Franca do Campo,Água D'alto (Vila Franca do Campo)
Furnas Mar,"c(-8.78417499999995, 37.7163190000001)",Odemira,Furnas Mar (Odemira)
Corpo Santo,"c(-25.43724, 37.7138400000001)",Vila Franca do Campo,Corpo Santo (Vila Franca do Campo)
Caloura,"c(-25.49565, 37.7133000000001)",Lagoa,Caloura (Lagoa)
Ilhéu de Vila Franca do Campo,"c(-25.44339, 37.7057600000001)",Vila Franca do Campo,Ilhéu de Vila Franca do Campo (Vila Franca do Campo)
Almograve Norte,"c(-8.80194999999998, 37.6523470000001)",Odemira,Almograve Norte (Odemira)
Almograve Sul,"c(-8.80485299999998, 37.648622)",Odemira,Almograve Sul (Odemira)
Zambujeira do Mar,"c(-8.78668499999998, 37.523043)",Odemira,Zambujeira do Mar (Odemira)
Alteirinhos,"c(-8.78710299999995, 37.5186360000001)",Odemira,Alteirinhos (Odemira)
Carvalhal (Odemira),"c(-8.79068399999994, 37.499891)",Odemira,Carvalhal (Odemira)
Odeceixe - Mar,"c(-8.79956999999996, 37.4419300000001)",Aljezur,Odeceixe - Mar (Aljezur)
Vale dos Homens,"c(-8.82576999999998, 37.3835100000001)",Aljezur,Vale dos Homens (Aljezur)
Amoreira - Mar,"c(-8.84500999999995, 37.35213)",Aljezur,Amoreira - Mar (Aljezur)
Monte Clérigo,"c(-8.85381999999993, 37.34241)",Aljezur,Monte Clérigo (Aljezur)
Arrifana,"c(-8.86631999999997, 37.2945500000001)",Aljezur,Arrifana (Aljezur)
Vale Figueiras,"c(-8.86955999999998, 37.2477000000001)",Aljezur,Vale Figueiras (Aljezur)
Bordeira,"c(-8.90458999999993, 37.1985100000001)",Aljezur,Bordeira (Aljezur)
Monte Gordo,"c(-7.45128599999993, 37.176952)",Vila Real de Santo António,Monte Gordo (Vila Real de Santo António)
Monte Gordo Poente,"c(-7.45496399999996, 37.176923)",Vila Real de Santo António,Monte Gordo Poente (Vila Real de Santo António)
Monte Gordo Nascente,"c(-7.44744299999996, 37.176881)",Vila Real de Santo António,Monte Gordo Nascente (Vila Real de Santo António)
Cabeço,"c(-7.47197999999997, 37.17479)",Castro Marim,Cabeço (Castro Marim)
Santo António,"c(-7.42582999999996, 37.1741700000001)",Vila Real de Santo António,Santo António (Vila Real de Santo António)
Praia Verde,"c(-7.47961999999995, 37.1732900000001)",Castro Marim,Praia Verde (Castro Marim)
Alagoa - Altura,"c(-7.49755999999996, 37.1690600000001)",Castro Marim,Alagoa - Altura (Castro Marim)
Amado,"c(-8.90344999999996, 37.1669800000001)",Aljezur,Amado (Aljezur)
Lota,"c(-7.51332999999994, 37.1652800000001)",Vila Real de Santo António,Lota (Vila Real de Santo António)
Manta Rota,"c(-7.51749999999993, 37.16333)",Vila Real de Santo António,Manta Rota (Vila Real de Santo António)
Fábrica - Mar,"c(-7.55172899999997, 37.149184)",Vila Real de Santo António,Fábrica - Mar (Vila Real de Santo António)
Cabanas - Mar,"c(-7.58966999999996, 37.1334400000001)",Tavira,Cabanas - Mar (Tavira)
Cabanas Poente,"c(-7.60018999999994, 37.1281700000001)",Tavira,Cabanas Poente (Tavira)
Alvor - Poente,"c(-8.59723999999994, 37.1221800000001)",Portimão,Alvor - Poente (Portimão)
Alvor - Nascente,"c(-8.58656999999994, 37.1207410000001)",Portimão,Alvor - Nascente (Portimão)
Três Irmãos,"c(-8.58181199999996, 37.11947)",Portimão,Três Irmãos (Portimão)
Vau,"c(-8.55813999999998, 37.1194100000001)",Portimão,Vau (Portimão)
Barranco das Canas,"c(-8.56380999999993, 37.11938)",Portimão,Barranco das Canas (Portimão)
Careanos/Amado,"c(-8.55498999999998, 37.1187100000001)",Portimão,Careanos/Amado (Portimão)
Três Castelos,"c(-8.54829999999993, 37.1176)",Portimão,Três Castelos (Portimão)
Ferragudo (Praia Grande),"c(-8.52181999999993, 37.1172800000001)",Lagoa,Ferragudo - Praia Grande (Lagoa)
Rocha,"c(-8.53736999999995, 37.11605)",Portimão,Rocha (Portimão)
Marina de Portimão,"c(-8.52806999999996, 37.1150400000001)",Portimão,Marina de Portimão (Portimão)
Meia Praia,"c(-8.65161799999993, 37.1141700000001)",Lagos,Meia Praia (Lagos)
Ilha de Tavira - Mar,"c(-7.61984999999993, 37.10979)",Tavira,Ilha de Tavira - Mar (Tavira)
Cordoama,"c(-8.93781999999993, 37.1094200000001)",Vila do Bispo,Cordoama (Vila do Bispo)
Pintadinho,"c(-8.51896999999997, 37.1077900000001)",Lagoa,Pintadinho (Lagoa)
Caneiros,"c(-8.51399999999995, 37.10486)",Lagoa,Caneiros (Lagoa)
Meia Praia Poente,"c(-8.66523299999994, 37.1047800000001)",Lagoa,Meia Praia Poente (Lagoa)
Vale do Olival,"c(-8.36952999999994, 37.1015200000001)",Lagoa,Vale do Olival (Lagoa)
Armação de Pêra,"c(-8.36602999999997, 37.10146)",Silves,Armação de Pêra (Silves)
Castelejo,"c(-8.94574999999998, 37.10015)",Vila do Bispo,Castelejo (Vila do Bispo)
Tremoços,"c(-8.37707999999998, 37.0998200000001)",Lagoa,Tremoços (Lagoa)
Barcos/Armação de Pêra Nascente,"c(-8.35696999999993, 37.09981)",Silves,Barcos/Armação de Pêra Nascente (Silves)
Cova Redonda,"c(-8.37991999999997, 37.09858)",Lagoa,Cova Redonda (Lagoa)
Batata,"c(-8.66776999999996, 37.09797)",Lagos,Batata (Lagos)
Terra Estreita,"c(-7.64061999999996, 37.0976700000001)",Tavira,Terra Estreita (Tavira)
Senhora da Rocha,"c(-8.38582999999994, 37.09687)",Lagoa,Senhora da Rocha (Lagoa)
Praia Grande - Poente,"c(-8.34782999999993, 37.0968500000001)",Silves,Praia Grande - Poente (Silves)
Carvoeiro,"c(-8.47226999999998, 37.09617)",Lagoa,Carvoeiro (Lagoa)
Praia Nova da Senhora da Rocha,"c(-8.38844499999993, 37.095938)",Lagoa,Praia Nova da Senhora da Rocha (Lagoa)
Praia Grande - Nascente,"c(-8.33813999999995, 37.0925500000001)",Silves,Praia Grande - Nascente (Silves)
D. Ana,"c(-8.66899999999993, 37.0916)",Lagos,D. Ana (Lagos)
Vale Centeanes,"c(-8.45559999999995, 37.0912200000001)",Lagoa,Vale Centeanes (Lagoa)
Albandeira,"c(-8.39997999999997, 37.09094)",Lagoa,Albandeira (Lagoa)
Belharucas,"c(-8.18340999999998, 37.0906200000001)",Albufeira,Belharucas (Albufeira)
Marinha,"c(-8.41285999999997, 37.08957)",Lagoa,Marinha (Lagoa)
Olhos de Água,"c(-8.19032999999996, 37.0895600000001)",Albufeira,Olhos de Água (Albufeira)
Maria Luísa,"c(-8.20082999999994, 37.0889700000001)",Albufeira,Maria Luísa (Albufeira)
Salgados,"c(-8.32938999999993, 37.0884500000001)",Albufeira,Salgados (Albufeira)
Santa Eulália,"c(-8.21396999999996, 37.08777)",Albufeira,Santa Eulália (Albufeira)
Camilo,"c(-8.66838999999993, 37.08736)",Lagos,Camilo (Lagos)
Benagil,"c(-8.42635999999993, 37.0871500000001)",Lagoa,Benagil (Lagoa)
Peneco,"c(-8.25246999999996, 37.08642)",Albufeira,Peneco (Albufeira)
Pescadores,"c(-8.24906999999996, 37.0864)",Albufeira,Pescadores (Albufeira)
Luz (Lagos),"c(-8.72637999999995, 37.08635)",Lagos,Luz (Lagos)
Falésia Açoteias,"c(-8.16814999999997, 37.0858900000001)",Albufeira,Falésia Açoteias (Albufeira)
Oura,"c(-8.22613999999993, 37.0858900000001)",Albufeira,Oura (Albufeira)
Barril,"c(-7.66144999999995, 37.0858200000001)",Tavira,Barril (Tavira)
Inatel - Albufeira,"c(-8.24302999999998, 37.0854800000001)",Albufeira,Inatel - Albufeira (Albufeira)
Porto de Mós,"c(-8.68867999999998, 37.0852)",Porto de Mós,Porto de Mós (Porto de Mós)
Oura - Leste,"c(-8.22264999999993, 37.0851200000001)",Albufeira,Oura - Leste (Albufeira)
Alemães,"c(-8.23907599999995, 37.084283)",Albufeira,Alemães (Albufeira)
Aveiros,"c(-8.23113999999993, 37.0835300000001)",Albufeira,Aveiros (Albufeira)
Falésia Alfamar,"c(-8.15911999999997, 37.0833500000001)",Albufeira,Falésia Alfamar (Albufeira)
Galé - Oeste,"c(-8.32085999999993, 37.0833500000001)",Albufeira,Galé - Oeste (Albufeira)
Forte de São João,"c(-8.23578599999996, 37.0833430000001)",Albufeira,Forte de São João (Albufeira)
Poço Velho,"c(-8.14944999999994, 37.08036)",Albufeira,Poço Velho (Albufeira)
Galé - Leste,"c(-8.31598999999994, 37.08014)",Albufeira,Galé - Leste (Albufeira)
Rocha Baixinha - Poente,"c(-8.14251999999993, 37.0783000000001)",Albufeira,Rocha Baixinha - Poente (Albufeira)
Manuel Lourenço,"c(-8.30965999999995, 37.0764600000001)",Albufeira,Manuel Lourenço (Albufeira)
Arrifes,"c(-8.27732999999995, 37.07595)",Albufeira,Arrifes (Albufeira)
Rocha Baixinha,"c(-8.13505999999995, 37.0759200000001)",Albufeira,Rocha Baixinha (Albufeira)
São Rafael,"c(-8.28078999999997, 37.0746070000001)",Albufeira,São Rafael (Albufeira)
Rocha Baixinha - Nascente,"c(-8.13061999999996, 37.0745000000001)",Albufeira,Rocha Baixinha - Nascente (Albufeira)
Evaristo,"c(-8.30316999999997, 37.07417)",Albufeira,Evaristo (Albufeira)
Coelha,"c(-8.29352999999998, 37.07363)",Albufeira,Coelha (Albufeira)
Castelo (Albufeira),"c(-8.29874999999993, 37.07327)",Albufeira,Castelo (Albufeira)
Vilamoura,"c(-8.11895999999996, 37.0718800000001)",Loulé,Vilamoura (Loulé)
Burgau,"c(-8.77520999999996, 37.0716)",Vila do Bispo,Burgau (Vila do Bispo)
Quarteira Poente,"c(-8.10419999999993, 37.0674000000001)",Loulé,Quarteira Poente (Loulé)
Boca do Rio,"c(-8.80832999999996, 37.0663900000001)",Vila do Bispo,Boca do Rio (Vila do Bispo)
Almádena - Cabanas Velhas,"c(-8.79487699999993, 37.0652170000001)",Vila do Bispo,Almádena - Cabanas Velhas (Vila do Bispo)
Quarteira Central,"c(-8.09859999999998, 37.0652000000001)",Loulé,Quarteira Central (Loulé)
Salema,"c(-8.82481999999993, 37.06476)",Vila do Bispo,Salema (Vila do Bispo)
Quarteira Nascente,"c(-8.09249999999997, 37.0629000000001)",Loulé,Quarteira Nascente (Loulé)
Forte Novo,"c(-8.09015999999997, 37.06203)",Loulé,Forte Novo (Loulé)
Almargem,"c(-8.08352999999994, 37.0583800000001)",Loulé,Almargem (Loulé)
Loulé Velho,"c(-8.07815999999997, 37.0555400000001)",Loulé,Loulé Velho (Loulé)
Furnas,"c(-8.85443999999995, 37.0550000000001)",Vila do Bispo,Furnas (Vila do Bispo)
Vale do Lobo,"c(-8.06475999999998, 37.0475900000001)",Loulé,Vale do Lobo (Loulé)
Ingrina,"c(-8.87902999999994, 37.04616)",Vila do Bispo,Ingrina (Vila do Bispo)
Zavial,"c(-8.87157999999994, 37.0461500000001)",Vila do Bispo,Zavial (Vila do Bispo)
Garrão - Poente,"c(-8.05712999999997, 37.04328)",Loulé,Garrão - Poente (Loulé)
Fuseta - Mar,"c(-7.74433999999997, 37.0422600000001)",Olhão,Fuseta - Mar (Olhão)
Barranco,"c(-8.89473399999997, 37.0420800000001)",Vila do Bispo,Barranco (Vila do Bispo)
Garrão - Nascente,"c(-8.05148999999994, 37.0399200000001)",Loulé,Garrão - Nascente (Loulé)
Ancão,"c(-8.03851999999995, 37.0321500000001)",Loulé,Ancão (Loulé)
Beliche,"c(-8.96410999999995, 37.02529)",Vila do Bispo,Beliche (Vila do Bispo)
Quinta do Lago,"c(-8.02579999999995, 37.025)",Loulé,Quinta do Lago (Loulé)
Martinhal,"c(-8.92466999999994, 37.01978)",Vila do Bispo,Martinhal (Vila do Bispo)
Armona - Mar,"c(-7.79383999999993, 37.01399)",Olhão,Armona - Mar (Olhão)
Faro - Mar Poente,"c(-7.99559999999997, 37.0079000000001)",Faro,Faro - Mar Poente (Faro)
Tonel,"c(-8.94839999999994, 37.00703)",Vila do Bispo,Tonel (Vila do Bispo)
Faro - Mar Central,"c(-7.99369999999993, 37.0069)",Faro,Faro - Mar Central (Faro)
Anjos,"c(-25.1573299999999, 37.0050400000001)",Vila do Porto,Anjos (Vila do Porto)
Mareta,"c(-8.93985999999995, 37.00503)",Vila do Bispo,Mareta (Vila do Bispo)
Faro - Mar Nascente,"c(-7.98629999999997, 37.0020000000001)",Faro,Faro - Mar Nascente (Faro)
São Lourenço,"c(-25.05407, 36.98803)",Vila do Porto,São Lourenço (Vila do Porto)
Culatra - Mar,"c(-7.83903999999995, 36.9854500000001)",Faro,Culatra - Mar (Faro)
Ilha do Farol - Mar Nascente,"c(-7.86139999999995, 36.9760000000001)",Faro,Ilha do Farol - Mar Nascente (Faro)
Ilha do Farol - Mar Poente,"c(-7.86359999999996, 36.9745)",Faro,Ilha do Farol - Mar Poente (Faro)
Deserta (Barreta),"c(-7.87270799999993, 36.964032)",Faro,Deserta - Barreta (Faro)
Formosa,"c(-25.098, 36.9510100000001)",Vila do Porto,Formosa (Vila do Porto)
Maia,"c(-25.01406, 36.93911)",Vila do Porto,Maia (Vila do Porto)
Porto Santo-Porto das Salemas,"c(-16.3491099999999, 33.0932)",Porto Santo,Porto das Salemas (Porto Santo)
Porto Santo-Penedo,"c(-16.3183299999999, 33.06222)",Porto Santo,Penedo (Porto Santo)
Porto Santo-Fontinha,"c(-16.33694, 33.05528)",Porto Santo,Fontinha (Porto Santo)
Porto Santo - Pedras Pretas,"c(-16.3403329999999, 33.0530800000001)",Porto Santo,Pedras Pretas (Porto Santo)
Porto Santo-Ribeiro Cochino,"c(-16.3447199999999, 33.0491700000001)",Porto Santo,Ribeiro Cochino (Porto Santo)
Porto Santo-Ribeiro Salgado,"c(-16.34917, 33.0450000000001)",Porto Santo,Ribeiro Salgado (Porto Santo)
Porto Santo-Cabeço da Ponta,"c(-16.3602799999999, 33.0352800000001)",Porto Santo,Cabeço da Ponta (Porto Santo)
Porto Santo-Lagoa,"c(-16.36675, 33.0302)",Porto Santo,Lagoa (Porto Santo)
Porto Santo-Calheta,"c(-16.3766699999999, 33.02444)",Porto Santo,Calheta (Porto Santo)
Porto Moniz,"c(-17.16993, 32.8679000000001)",Porto Moniz,Porto Moniz (Porto Moniz)
Ponta Delgada,"c(-16.9846699999999, 32.82807)",São Vicente,Ponta Delgada (São Vicente)
Laje,"c(-17.1141699999999, 32.82667)",Porto Moniz,Laje (Porto Moniz)
Clube Naval do Seixal,"c(-17.10252, 32.82313)",Porto Moniz,Clube Naval do Seixal (Porto Moniz)
Porto do Seixal,"c(-17.1027999999999, 32.8221600000001)",Porto Moniz,Porto do Seixal (Porto Moniz)
Clube Naval de São Vicente,"c(-17.0329899999999, 32.8131500000001)",São Vicente,Clube Naval de São Vicente (São Vicente)
Ribeira do Faial,"c(-16.84842, 32.7930000000001)",Santana,Ribeira do Faial (Santana)
Alagoa,"c(-16.82855, 32.7748300000001)",Machico,Alagoa (Machico)
Maiata,"c(-16.82109, 32.7677100000001)",Machico,Maiata (Machico)
Ribeira das Galinhas,"c(-17.23506, 32.7644100000001)",Calheta,Ribeira das Galinhas (Calheta)
Porto,"c(-17.2248, 32.7523)",Calheta,Porto (Calheta)
Prainha,"c(-16.71556, 32.7425000000001)",Machico,Prainha (Machico)
Quinta do Lorde,"c(-16.70942, 32.7416400000001)",Machico,Quinta do Lorde (Machico)
Ribeira do Natal,"c(-16.7449999999999, 32.7350000000001)",Machico,Ribeira do Natal (Machico)
Portinho,"c(-17.20872, 32.73479)",Calheta,Portinho (Calheta)
Calheta,"c(-17.1749799999999, 32.7191100000001)",Calheta,Calheta (Calheta)
Banda d'Além,"c(-16.7619, 32.7184)",Machico,Banda d'Além (Machico)
Serra de Água,"c(-17.1687899999999, 32.7164300000001)",Calheta,Serra de Água (Calheta)
S. Roque,"c(-16.7642, 32.7162500000001)",Machico,S. Roque (Machico)
Madalena do Mar,"c(-17.13861, 32.7030600000001)",Ponta do Sol,Madalena do Mar (Ponta do Sol)
Anjos-Ponta do Sol,"c(-17.1204799999999, 32.69057)",Ponta do Sol,Anjos-Ponta do Sol (Ponta do Sol)
Palmeiras,"c(-16.78917, 32.6880600000001)",Santa Cruz,Palmeiras (Santa Cruz)
São Fernando,"c(-16.7923499999999, 32.6859600000001)",Santa Cruz,São Fernando (Santa Cruz)
Calhau das Gordas,"c(-16.7936099999999, 32.6845200000001)",Santa Cruz,Calhau das Gordas (Santa Cruz)
Boaventura,"c(-16.7945599999999, 32.68328)",Santa Cruz,Boaventura (Santa Cruz)
Lugar de Baixo,"c(-17.08683, 32.67931)",Ponta do Sol,Lugar de Baixo (Ponta do Sol)
Ponta do Sol,"c(-17.1052799999999, 32.6791700000001)",Ponta do Sol,Ponta do Sol (Ponta do Sol)
Ribeira Brava,"c(-17.06722, 32.67083)",Ribeira Brava,Ribeira Brava (Ribeira Brava)
Calhau da Lapa,"c(-17.03732, 32.6616700000001)",Ribeira Brava,Calhau da Lapa (Ribeira Brava)
Fajã dos Padres,"c(-17.0223999999999, 32.65428)",Ribeira Brava,Fajã dos Padres (Ribeira Brava)
Fajã dos Asnos,"c(-17.0029, 32.6536800000001)",Câmara de Lobos,Fajã dos Asnos (Câmara de Lobos)
Fajã das Bebras,"c(-16.9932499999999, 32.65094)",Câmara de Lobos,Fajã das Bebras (Câmara de Lobos)
Vigário,"c(-16.9789, 32.6483000000001)",Câmara de Lobos,Vigário (Câmara de Lobos)
Reis Magos,"c(-16.82361, 32.6472200000001)",Santa Cruz,Reis Magos (Santa Cruz)
Santiago,"c(-16.89919, 32.64651)",Funchal,Santiago (Funchal)
Barreirinha,"c(-16.8976699999999, 32.64649)",Funchal,Barreirinha (Funchal)
Complexo Balnear das Salinas,"c(-16.9732099999999, 32.64588)",Câmara de Lobos,Complexo Balnear das Salinas (Câmara de Lobos)
Areeiro,"c(-16.95947, 32.64257)",Funchal,Areeiro (Funchal)
Roca Mar,"c(-16.82972, 32.64194)",Santa Cruz,Roca Mar (Santa Cruz)
Formosa,"c(-16.95528, 32.64167)",Funchal,Formosa (Funchal)
Praia Nova,"c(-16.9574, 32.6415900000001)",Funchal,Praia Nova (Funchal)
Galo Mar,"c(-16.83278, 32.6408300000001)",Santa Cruz,Galo Mar (Santa Cruz)
Garajau,"c(-16.8527999999999, 32.6382600000001)",Santa Cruz,Garajau (Santa Cruz)
Gorgulho,"c(-16.9347, 32.6364)",Funchal,Gorgulho (Funchal)
Poças do Gomes-Doca do Cavacas,"c(-16.9479699999999, 32.63561)",Funchal,Poças do Gomes-Doca do Cavacas (Funchal)
Lido-Complexo Balnear,"c(-16.9319399999999, 32.6355600000001)",Funchal,Lido-Complexo Balnear (Funchal)
Clube Naval do Funchal,"c(-16.93889, 32.6347200000001)",Funchal,Clube Naval do Funchal (Funchal)
Complexo Balnear Ponta Gorda-Poças do Governador,"c(-16.9408599999999, 32.63397)",Funchal,Complexo Balnear Ponta Gorda-Poças do Governador (Funchal)